Workbook

Sheet Data
A1: Data | B1: #VALUE! | C1: #VALUE! | D1: #VALUE!
A2: 44291 | B2: {=_xlfn.STOCKHISTORY(B1,TODAY()-1825,TODAY(),0,0,1)} -> 125.9 | C2: {=_xlfn.STOCKHISTORY(C1,TODAY()-1825,TODAY(),0,0,1)} -> 13.9875 | D2: {=_xlfn.STOCKHISTORY(D1,TODAY()-1825,TODAY(),0,0,1)} -> 249.07
A3: 44292 | B3: 126.21 | C3: 13.8615 | D3: 247.86
A4: 44293 | B4: 127.9 | C4: 14.1435 | D4: 249.9
A5: 44294 | B5: 130.36 | C5: 14.317 | D5: 253.25
A6: 44295 | B6: 132.995 | C6: 14.4 | D6: 255.85
A7: 44298 | B7: 131.24 | C7: 15.209 | D7: 255.91
A8: 44299 | B8: 134.43 | C8: 15.6795 | D8: 258.49
A9: 44300 | B9: 132.03 | C9: 15.277 | D9: 255.59
A10: 44301 | B10: 134.5 | C10: 16.1373 | D10: 259.5
A11: 44302 | B11: 134.16 | C11: 15.9125 | D11: 260.74
A12: 44305 | B12: 134.84 | C12: 15.3618 | D12: 258.74
A13: 44306 | B13: 133.11 | C13: 15.1713 | D13: 258.26
A14: 44307 | B14: 133.5 | C14: 15.3605 | D14: 260.58
... A1257: 46114 | B1257: 255.92 | C1257: 177.39 | D1257: 373.46

Sheet Return
A1: Data | B1: #VALUE! | C1: #VALUE! | D1: #VALUE! | E1: Rendimento portfolio giornaliero
A2: 44291 | B2: n.d. | C2: n.d. | D2: n.d.
A3: 44292 | B3: =LN(Data!B3/Data!B2) -> 0.0024592452 | C3: =LN(Data!C3/Data!C2) -> -0.0090488606 | D3: =LN(Data!D3/Data!D2) -> -0.0048699108 | E3: =AVERAGE(B3:D3) -> -0.0038198421
A4: 44293 | B4: =LN(Data!B4/Data!B3) -> 0.013301522 | C4: =LN(Data!C4/Data!C3) -> 0.020139942 | D4: =LN(Data!D4/Data!D3) -> 0.0081967672 | E4: =AVERAGE(B4:D4) -> 0.01387941
A5: 44294 | B5: =LN(Data!B5/Data!B4) -> 0.019051145 | C5: =LN(Data!C5/Data!C4) -> 0.012192488 | D5: =LN(Data!D5/Data!D4) -> 0.013316305 | E5: =AVERAGE(B5:D5) -> 0.014853313
A6: 44295 | B6: =LN(Data!B6/Data!B5) -> 0.02001168 | C6: =LN(Data!C6/Data!C5) -> 0.0057805642 | D6: =LN(Data!D6/Data!D5) -> 0.010214192 | E6: =AVERAGE(B6:D6) -> 0.012002145
A7: 44298 | B7: =LN(Data!B7/Data!B6) -> -0.013283825 | C7: =LN(Data!C7/Data!C6) -> 0.054659151 | D7: =LN(Data!D7/Data!D6) -> 0.00023448492 | E7: =AVERAGE(B7:D7) -> 0.013869937
A8: 44299 | B8: =LN(Data!B8/Data!B7) -> 0.024015909 | C8: =LN(Data!C8/Data!C7) -> 0.030466769 | D8: =LN(Data!D8/Data!D7) -> 0.010031188 | E8: =AVERAGE(B8:D8) -> 0.021504622
A9: 44300 | B9: =LN(Data!B9/Data!B8) -> -0.018014448 | C9: =LN(Data!C9/Data!C8) -> -0.026005697 | D9: =LN(Data!D9/Data!D8) -> -0.01128241 | E9: =AVERAGE(B9:D9) -> -0.018434185
A10: 44301 | B10: =LN(Data!B10/Data!B9) -> 0.01853503 | C10: =LN(Data!C10/Data!C9) -> 0.054784933 | D10: =LN(Data!D10/Data!D9) -> 0.015182104 | E10: =AVERAGE(B10:D10) -> 0.029500689
A11: 44302 | B11: =LN(Data!B11/Data!B10) -> -0.0025310815 | C11: =LN(Data!C11/Data!C10) -> -0.014028399 | D11: =LN(Data!D11/Data!D10) -> 0.0047670396 | E11: =AVERAGE(B11:D11) -> -0.0039308135
A12: 44305 | B12: =LN(Data!B12/Data!B11) -> 0.0050557729 | C12: =LN(Data!C12/Data!C11) -> -0.035221056 | D12: =LN(Data!D12/Data!D11) -> -0.0077000457 | E12: =AVERAGE(B12:D12) -> -0.012621776
A13: 44306 | B13: =LN(Data!B13/Data!B12) -> -0.012913036 | C13: =LN(Data!C13/Data!C12) -> -0.012478423 | D13: =LN(Data!D13/Data!D12) -> -0.0018568671 | E13: =AVERAGE(B13:D13) -> -0.0090827755
A14: 44307 | B14: =LN(Data!B14/Data!B13) -> 0.0029256238 | C14: =LN(Data!C14/Data!C13) -> 0.012393794 | D14: =LN(Data!D14/Data!D13) -> 0.0089430864 | E14: =AVERAGE(B14:D14) -> 0.0080875014
... A1257: 46114 | B1257: =LN(Data!B1257/Data!B1256) -> 0.0011338091 | C1257: =LN(Data!C1257/Data!C1256) -> 0.0092881678 | D1257: =LN(Data!D1257/Data!D1256) -> 0.011012052 | E1257: =AVERAGE(B1257:D1257) -> 0.0071446763

Sheet Analysis
A1: Stock | B1: Media | C1: Deviazione standard | D1: Numero osservazioni | E1: Errore standard | F1: t-statistica | G1: p-value | H1: CI 95% basso | I1: CI 95% alto
A2: AAPL | B2: =AVERAGE(Return!B3:B1257) -> 0.0005652406 | C2: =STDEV(Return!B3:B1257) -> 0.017224111 | D2: =COUNT(Return!B3:B1257) -> 1255 | E2: =C2/SQRT(D2) -> 0.00048619999 | F2: =B2/E2 -> 1.1625681 | G2: =_xlfn.T.DIST.RT(F2,D2-1) -> 0.12261299 | H2: =B2 - 1.96 * E2 -> -0.00038771138 | I2: =B2+1.96*E2 -> 0.0015181926
A3: NVDA | B3: =AVERAGE(Return!C3:C1257) -> 0.0020240531 | C3: =STDEV(Return!C3:C1257) -> 0.03231426 | D3: =COUNT(Return!C3:C1257) -> 1255 | E3: =C3/SQRT(D3) -> 0.0009121628 | F3: =B3/E3 -> 2.2189604 | G3: =_xlfn.T.DIST.RT(F3,D3-1) -> 0.01333394 | H3: =B3 - 1.96 * E3 -> 0.000236214 | I3: =B3+1.96*E3 -> 0.0038118922
A4: MSFT | B4: =AVERAGE(Return!D3:D1257) -> 0.00032277046 | C4: =STDEV(Return!D3:D1257) -> 0.016476102 | D4: =COUNT(Return!D3:D1257) -> 1255 | E4: =C4/SQRT(D4) -> 0.00046508529 | F4: =B4/E4 -> 0.69400271 | G4: =_xlfn.T.DIST.RT(F4,D4-1) -> 0.24390452 | H4: =B4 - 1.96 * E4 -> -0.00058879672 | I4: =B4+1.96*E4 -> 0.0012343376
A5: Portfolio | B5: =AVERAGE(Return!E3:E1257) -> 0.00097068805 | C5: =STDEV(Return!E3:E1257) -> 0.018764073 | D5: =COUNT(Return!E4:E1257) -> 1254 | E5: =C5/SQRT(D5) -> 0.00052988099 | F5: =B5/E5 -> 1.8318982 | G5: =_xlfn.T.DIST.RT(F5,D5-1) -> 0.033601925 | H5: =B5 - 1.96 * E5 -> -6.7878686e-05 | I5: =B5+1.96*E5 -> 0.0020092548

Sheet Medie_Annuali
A3: Etichette di riga | B3: Media di APPLE INC. (XNAS:AAPL) | C3: Media di MICROSOFT CORPORATION (XNAS:MSFT) | D3: Media di NVIDIA CORPORATION (XNAS:NVDA) | E3: Media di Rendimento portfolio giornaliero
A4: 2021 | B4: 0.0018194548 | C4: 0.0015890429 | D4: 0.0039322999 | E4: 0.0024469325
A5: 2022 | B5: -0.0012444982 | C5: -0.0013473085 | D5: -0.0027864095 | E5: -0.0017927388
A6: 2023 | B6: 0.0015730246 | C6: 0.0017992275 | D6: 0.0048817482 | E6: 0.0027513334
A7: 2024 | B7: 0.0010432045 | C7: 0.00045287403 | D7: 0.0039586691 | E7: 0.0018182492
A8: 2025 | B8: 0.00032859088 | C8: 0.00054991879 | D8: 0.0013137184 | E8: 0.00073074269
A9: 2026 | B9: -0.00095908464 | C9: -0.0041029932 | D9: -0.00079492922 | E9: -0.0019523357
A10: Totale complessivo | B10: 0.0005652406 | C10: 0.00032277046 | D10: 0.0020240531 | E10: 0.00097068805

Sheet Volatilità
A1: Etichette di riga | B1: Somma di Deviazione standard
A2: AAPL | B2: 0.017224111
A3: MSFT | B3: 0.016476102
A4: NVDA | B4: 0.03231426
A5: Portfolio | B5: 0.018764073
A6: Totale complessivo | B6: 0.084778546

Sheet crescita
A1: Data | B1: AAPL | C1: NVDA | D1: MSFT | E1: Portfolio
A2: 44291 | B2: 1 | C2: 1 | D2: 1 | E2: 1
A3: 44292 | B3: =B2*EXP(Return!B3) -> 1.0024623 | C3: =C2*EXP(Return!C3) -> 0.99099196 | D3: =D2*EXP(Return!D3) -> 0.99514193 | E3: =E2*EXP(Return!E3) -> 0.99618744
A4: 44293 | B4: =B3*EXP(Return!B4) -> 1.0158856 | C4: =C3*EXP(Return!C4) -> 1.0111528 | D4: =D3*EXP(Return!D4) -> 1.0033324 | E4: =E3*EXP(Return!E4) -> 1.0101103
A5: 44294 | B5: =B4*EXP(Return!B5) -> 1.0354249 | C5: =C4*EXP(Return!C5) -> 1.0235567 | D5: =D4*EXP(Return!D5) -> 1.0167824 | E5: =E4*EXP(Return!E5) -> 1.0252258
A6: 44295 | B6: =B5*EXP(Return!B6) -> 1.0563542 | C6: =C5*EXP(Return!C6) -> 1.0294906 | D6: =D5*EXP(Return!D6) -> 1.0272213 | E6: =E5*EXP(Return!E6) -> 1.0376048
A7: 44298 | B7: =B6*EXP(Return!B7) -> 1.0424146 | C7: =C6*EXP(Return!C7) -> 1.087328 | D7: =D6*EXP(Return!D7) -> 1.0274622 | E7: =E6*EXP(Return!E7) -> 1.0520966
A8: 44299 | B8: =B7*EXP(Return!B8) -> 1.0677522 | C8: =C7*EXP(Return!C8) -> 1.1209651 | D8: =D7*EXP(Return!D8) -> 1.0378207 | E8: =E7*EXP(Return!E8) -> 1.0749666
A9: 44300 | B9: =B8*EXP(Return!B9) -> 1.0486894 | C9: =C8*EXP(Return!C9) -> 1.0921895 | D9: =D8*EXP(Return!D9) -> 1.0261774 | E9: =E8*EXP(Return!E9) -> 1.055332
A10: 44301 | B10: =B9*EXP(Return!B10) -> 1.0683082 | C10: =C9*EXP(Return!C10) -> 1.1536944 | D10: =D9*EXP(Return!D10) -> 1.0418758 | E10: =E9*EXP(Return!E10) -> 1.0869288
A11: 44302 | B11: =B10*EXP(Return!B11) -> 1.0656076 | C11: =C10*EXP(Return!C11) -> 1.1376229 | D11: =D10*EXP(Return!D11) -> 1.0468543 | E11: =E10*EXP(Return!E11) -> 1.0826647
A12: 44305 | B12: =B11*EXP(Return!B12) -> 1.0710087 | C12: =C11*EXP(Return!C12) -> 1.098252 | D12: =D11*EXP(Return!D12) -> 1.0388244 | E12: =E11*EXP(Return!E12) -> 1.0690854
A13: 44306 | B13: =B12*EXP(Return!B13) -> 1.0572677 | C13: =C12*EXP(Return!C13) -> 1.0846327 | D13: =D12*EXP(Return!D13) -> 1.0368973 | E13: =E12*EXP(Return!E13) -> 1.0594191
A14: 44307 | B14: =B13*EXP(Return!B14) -> 1.0603654 | C14: =C13*EXP(Return!C14) -> 1.0981591 | D14: =D13*EXP(Return!D14) -> 1.0462119 | E14: =E13*EXP(Return!E14) -> 1.0680219
... A1257: 46114 | B1257: =B1256*EXP(Return!B1257) -> 2.0327244 | C1257: =C1256*EXP(Return!C1257) -> 12.682038 | D1257: =D1256*EXP(Return!D1257) -> 1.4994178 | E1257: =E1256*EXP(Return!E1257) -> 3.3811419
